lem,derivitive,valid
حدث,حَدَث,بله
تاشیدن,تاشانیدن,بله
پلدختر,پلدختر,بله
کاوه,کاوه‌ساز,بله
مشورت,مشورت‌پذیر,بله.
بار,بارنامه,بله
ارمغان,ارمغان‌ورز,بله
سپنتا,سپنتین,بله.
خلق,مخلوق,بله
شرک,شرک‌گرایی,بله
مشیز,مشیز,بله
ساخت,سازندگی,بله
بدیع,بدیعانه,بله
ریخت,ریخته,بله
کیهان,کیهان‌زایی,بله
یاسوج,یاسوجی‌نشین,بله
بهار,بهارکده,بله
هنگ,هنگ‌زده,خیر.
رشت,رشتوران,خیر.
غذاء,مغذی,بله
بیژن,بیژن‌پرست,بله
چکاد,چکادساز,بله
عرص,عریضه,خیر
پلیمر,پلیمرهای,تکراری
روشن,روشن‌چشم,بله
افروز,افروزگار,بله
کاووس,کاووس‌کده,نمیدانم.
قشم,قشمی‌نشین,بله
" پلاست",پلاستیک‌پوشان,بله
ایران,ایران‌ساز,بله
سفیر,سفیرگری,بله
مداری,مداریابی,بله
راضی,رضوان,تکراری
شیمی,شیمی‌فیزیک,بله
توس,توسی,بله
نگین,نگین‌دار,بله
تاشیدن,تاشیدگی,بله
مدد,مددکار,بله
بیت,بیوت,بله
مشاوره,مشاور,بله
پاینده,پایند,خیر
صبیه,صبیه‌نما,بله
نخل,نخل‌کنی,بله
چکاد,چکادپروری,خیر
درنا,درناییدگی‌ها,بله
پترا,پتراپژوه,بله
سیاحت,سیاحی‌گری,بله
بیجار,بیجارک,خیر.
ساوه,سازنده,تکراری
عدل,عدل‌خواه,بله
کاظم,کاظم‌لو,خیر
امنیت,امنیت‌زا,بله
نظام,نظام,بله
تیس,تیس,تکراری
فولاد,فولادین,تکراری
نیک,نیکنام,بله
رستوران,رستوران,بله
نطنز,نطنزساز,بله
عجب,عجب,بله
اسفراین,اسفراینی‌تاریخ,بله
برتر,برتری,بله
افران,افراگ,تکراری
کاشی,کاشی,بله
خط,خطا,بله
قطره,قطره‌گیر,بله
دیزل,دیزل‌کار,بله
بازیافتن,بازیافت,تکراری
سیویل,سیویل‌ساز,بله
ارگ,ارگانیسم‌محور,بله
زنگ,زنگ,تکراری
زاویه,زاویه‌سنجی,تکراری
مسیر,مسیرسنجی,بله
نطنز,نطنزچی,بله
افشاندن,افشاندن‌پذیری,بله
فضا,فضای,خیر
آناهیتا,آناهیتاگرایی,بله.
عدد,عددسنجی,بله
میراث,میراثی,بله
جوید,جویدگی‌های,بله
فطر,فطرکننده,بله
کشور,کشورگشایی,خیر
یول,یولک,بله
زنبور,زنبورک,بله
گل,گلخند,بله
فراز,فرازین,بله
ارد,اردن,خیر.
استان,استان‌ساز,بله
وحدت,وحدت‌گرایی,تکراری
طوبی,طوبی‌خیز,بله
آنیل,آنیل‌پوشان,بله.
مداری,مداری,بله
تجهیز,تجهیض,بله
شقایق,شقایق‌گون,بله
پرورش,پرورشی,تکراری
پوشش,پوشیده,بله
سرج,سراج,خیر.
وابستگی,وابستگی‌پذیر,بله
یاشار,یاشاروار,بله
سمن,سمن‌زاری,بله
آیه,آیات,بله
وفا,وفا,تکراری
ماندگار,ماندگار,تکراری
ایتوک,ایتوک‌گرا,خیر.
اوری,اوریول,بله.
پیک,پیکرنگی,تکراری
خوارزم,خوارزمی‌گر,بله
فرزین,فرزینوار,بله
قیر,قیر,تکراری
پلدختر,پلدختری‌اش,بله
کشتن,کشتن,بله
هتل,هتل‌سازی,خیر
ناب,ناب,بله
سحاب,سحاب‌نما,بله
سنت,سنت‌پژوهی,بله
کویر,کویرنگاری,بله
حل,حل,بله
لرد,لردگان,خیر
میثم,میثمی‌زاده,بله
پامچال,پامچال‌پرور,بله
گیاه,گیاه‌پژوهی,بله
قرض,مقرضی,بله
رشاد,رشادت,تکراری
قالب,قالب‌گیری,بله
نصر,منصور,تکراری
" اکسیر",اکسیرمحور,بله
اوجان,اوج‌گیری,تکراری
آرون,آرون‌پرست,خیر.
تویسرکان,تویسرکان,بله
عشا,عشیب,بله
نیایش,نیایشگر,تکراری
داخل,داخل,تکراری
بتن,بتن‌پاش,بله
ناب,نابجا,خیر
باران,باران,تکراری
خیام,خیام‌محور,بله
فوتبال,فوتبال‌زده,بله
کبیر,کبیرترین,بله
سیوان,سیوانی‌زاده,بله.
سبلان,سبزچشم,تکراری
علم,عالمین,بله
رامهرمز,رامهرمز,بله
طبر,طبره‌ساز,بله
مشاوره,مشاوره‌پذیر,تکراری
سالار,سالارک,بله
ساباط,ساباط,بله
نوید,نویدبخش,بله
امن,بی‌امن,بله
بهمن,بهمن‌زاد,بله
بردسک,بردسک‌گر,بله
رویال,رویالتیست,بله
بلوط,بلوط,بله
زر,زریر,بله
افشار,افشارک,بله
فردوس,فردوس‌نما,بله
چشم,چشم‌پوش,بله
کان,کنشمند,خیر.
پل,پلی,خیر
مرد,مردمی,بله
تراز,تراز,تکراری
موکت,موکت‌دار,بله
آستان,آستانه‌محور,بله
ایلیا,ایلیاد,بله.
زین,زینت‌بخش,بله
حد,حدس‌زدن,بله
بتن,بتن‌مستحکم,بله
افزایش,افزایشی,بله
مدیا,مدیاسازی,بله
هست,هستی‌شناسی,بله
سهیل,سهیلان,بله
سبا,سبا,بله
کثرت,کثرت‌پذیری,بله
زهراء,زهره‌ساز,تکراری
پیمان,پیمان‌دار,بله
خاصیت,خاصیت‌سنجی,بله
قائم,قیام‌نامه,بله
" پلاست",پلاستیک,بله
موج,موج‌زن,بله.
شیشه,شیشۀ‌ساز,بله
دیار,دیاروند,بله
حکم,حکمی,بله
رسم,رسم‌گر,خیر
آب,آباده,بله
قرض,قرض‌دادن,بله
کلثوم,کلثوم‌گونه,بله
آیدین,آیدینی,بله.
بخش,بخشیدنی,بله
سدی,سدیگری,خیر.
کود,کدوتن,خیر
اردل,اردلگری,خیر
مسیر,مسیرپیمایی,بله
" حسن",حسن‌نیت,تکراری
قند,قند,تکراری
تلاش,تلاش‌جو,بله
شعبه,شعبه‌نگاری,بله
شایگی,شایسته‌نوازی,خیر
بانو,بانوگری,بله.
رز,رزیور,بله.
مجتبی,مجتبی‌مدار,بله
بهداشت,بهداشت,بله
سفیر,سفیرشده,بله
آرسام,آرسامیز,بله
توکان,توکان‌نما,بله
آراد,آرادپرست,بله
پند,پندوار,بله
طبخ,آشپزی,بله
البرز,البرزین,خیر.
روند,روند,بله
تخصص,تخصص‌سنجی,بله
اسپادان,اسپادانید,بله
لنج,لنجی,خیر.
زابل,زابل‌پرست,بله
عرش,عرش‌ساز,بله
پارت,پارتیتور,بله
حکمت,حکیم,بله
وانت,وانت‌نشین,بله
عکس,عکس‌العمل,خیر.
سوشی,سوشی‌دوست,بله
معاون,معاونت‌پذیر,بله
طبیعت,طبیعت‌زدا,بله
باغ,باغداران,بله
سپاس,سپاسنامه,بله
پژمان,پژمانشناس,خیر
عقیق,عقیق‌چینی,بله
یاسوج,یاسوجی‌مآب,بله
وقف,وقفه,خیر
پوشیدن,پوشاک,بله
تربیت,تربیت‌شده,بله
ولی,ولایتی‌محور,بله.
کاشی,کاشی‌نما,بله
کارگزار,کارگزارانگی,بله
ولیعصر,عصر,خیر
کران,کرانه,بله
عموم,عموم‌پذیر,بله
اذین,اذان‌نامه,خیر
چهارده,چهارده,تکراری
برودت,برودت‌سنجی,تکراری
سروش,سروش‌سرا,بله
زاویه,زاویه‌پذیر,بله
حیا,حیات,تکراری
باتیس,باتیس,تکراری
سهند,سهندانه,خیر
جاوید,جاودان,بله
محور,محورمند,بله
پاشا,پاشاگرا,بله
ایپک,ایپک‌سرا,خیر
سپردن,بسپار,بله
نوع,نژاد,خیر.
مسیر,مسیرشناسی,خیر
ملک,املاک,بله
کام,کامپذیری,بله
صنعت,وصنعتی,بله
رامین,رامشور,خیر
رسپینا,رسپینی,خیر
نور,نورافکن,بله
رویال,رویالتیسیم,بله
اسپادان,اسپادان,بله
مینو,مینویانه,بله.
ارم,ارمید,بله
بروجرد,بروجرد,بله
نیا,نیایشگر,خیر.
سار,ساریانگی,بله
مژدگانی,مژدگانی‌ساز,بله
صعد,صعودی‌سازی,بله
میان,میانه,تکراری
اروند,اروندی‌مآب,بله
عطر,عطرپاش,بله
سلطان,سلطانی,بله
دقت,دقت‌پذیر,بله
آویدن,آوید,تکراری
فیض,فیض‌محور,بله
آلفا,آلفاچین,خیر.
دوز,دوزی‌کار,بله
چنار,چنار,بله
گلخانه,گلخانه‌جات,بله
تراز,ترازوی,تکراری
راسپینا,راسپینی,خیر.
فرز,فرزند,تکراری
فروردین,فروردین,تکراری
نشان,نشاندهنده,بله
دلفین,دلفین‌وار,بله
کیف,کیفیت,خیر
الوند,الوندیگری,بله
کوار,کواری,بله.
کلار,کلارک‌زاده,بله.
خمین,خمینی‌گرایی,بله.
ترانس,ترانسپورت,خیر
بهشت,بهشت‌پرست,بله
مدرسه,مدرس,بله
وام,وام‌گیرنده,بله
شکستن,شکسته‌فکری,بله
ایران,ایران‌خواه,بله
شار,شارع,خیر
اروین,اروین‌ساز,خیر
نسو,نساختن,خیر
قرب,قربان,تکراری
یاور,یاورپروری,بله
دفتر,دفتر,تکراری
آنیل,آنیل‌پوش,بله
شکوفه,شکوفه‌چین,بله
نگین,نگین‌فروش,بله
ایزد,ایزدان,بله.
صد,صداینده,بله.
فرز,فرزین,تکراری
آموزش,آموزی,خیر
کوشش,کوشاکی,خیر.
گهر,گهربا,بله
فرداد,فرداوند,تکراری
فرز,فرزانه‌گی,تکراری
یوتاب,یوتابانه,بله
گام,گام‌پیش,بله
پتروشیمی,پتروشیمی‌پایه,بله
غلام,غلامرضا,بله
پروین,پروین‌پرست,بله
مهارت,مهارت‌گرا,بله
علو,علوف,بله
سپند,سپندمهر,بله
زاویه,زاویه‌دار,بله
ماهی,ماهی‌فروشی,بله
اسد,اسدک,بله
تفت,تفتانک,بله
آرتیمان,آرتیمان‌گونه,خیر.
خان,خانمک,بله
سوله,سوله‌گستر,بله
گیل,گیل‌مرد,بله
نهاوند,نهاوندی‌نگار,بله
طوفان,طوفانی,خیر
هوا,هواپیمایی,بله
بیان,بیان,تکراری
رفع,مرفوعات,بله
برلین,برلین‌محور,خیر
روئین,روئین‌پیکر,بله
میبد,میبدی‌ساز,بله
ارس,ارسنج,خیر
نشر,منتشر,بله
هدایت,هدایت‌محور,بله
حامی,حمایت‌طلب,بله
درون,درون‌پنداری,بله.
جو,جود,خیر.
شیوا,شیواپنداری,بله.
بردن,بَرَدنی,بله
بهمن,بهمن‌نژاد,بله
درنیک,درنیکا,خیر.
زعفر,زعفران‌کار,بله
پیشرفت,پیشرفت,تکراری
خلط,خلطی,بله
ثبات,ثبات‌سنج,بله
بدل,بدل‌ساز,بله
سجد,سجدگاه,بله
صغر,صغیرشناسی,بله
خراسان,خراسان,بله
لاستیک,لاستیک‌سازی,تکراری
طراوت,طراوت‌ساز,بله
اعتماد,معتمد,بله
" خانم",خانم,تکراری
مهرداد,مهردادستان,بله
دربند,دربندانه,بله
غذاء,تغذیه,تکراری
ترابری,ترابر,بله
همگام,همگام‌گر,بله
پارسایی,پارسا,تکراری
شورا,شوربخت,خیر
کلا,کلاوس,خیر.
عدل,عدل,بله
دوازده,دوازده‌گوش,بله
آوا,آوایی,بله.
" خور",خورشیدگیر,بله
ترش,ترشیز,خیر
کانون,کانون‌سازی,بله
کام,کامرانی,بله.
شایستگی,شایا,خیر.
مدینه,مدینه‌دار,بله
دروازه,دروازه‌داری,بله
حسام,حسام‌الحق,بله
اندیشه,اندیشیده,بله
رخصت,رخصت‌محور,بله
بلال,بلالی‌گونه,خیر.
باقر,باقرالفقه,بله.
نمین,نمین‌ساز,بله
ممیز,ممیزنامه,بله
کیان,کیان‌خواه,بله
ریز,ریز,بله
روئین,روئین,بله
البنین,بنین‌پژوه,خیر.
گان,گانمندی,خیر
آسفالت,آسفالت‌پوشش,بله
رسل,ارسال,خیر.
صافی,صاف‌چشم,بله
گذار,گذار,بله
هفت,هفتاد,بله
ساباط,ساباط‌گونه,بله
شریعت,شریعت‌محافظ,بله
تسنیم,تسنیم‌چشمه,بله
مقام,مقام‌گرایی,بله
نبوت,نبی,تکراری
ابریشم,ابریشم,بله
خیز,خیزشگر,بله
دارو,دارویی,بله
پیمان,پیمانکاری,بله
وندا,وندانه,خیر.
شار,شارژ,بله
سفال,سفالگری,بله
برزین,برزین‌گی,بله
نرگس,نرگس‌چشم,تکراری
گیر,گیرنده‌گی,بله.
آواز,آوازخوان,بله
امر,امور,بله.
طرح,طرح,تکراری
تاکسی,تاکسی‌کاب,بله
مدیر,مدیرسازی,بله
نرگس,نرگس,تکراری
توسکا,توسکاییان,بله.
پل,پل‌نگار,بله
تفت,تفتان,تکراری
سینا,سیناوند,خیر.
کمپانی,کمپانی,بله
پرستو,پرستویی‌وار,بله
آشنایی,آشنایی‌افزا,بله
تهران,تهرانی‌مسلک,خیر
کارگزار,کارگزاران,بله
آمود,آمودپذیر,بله
سلطان,سلطنت,بله
تبادل,متبادل,خیر
سور,سوربوس,بله
اقلیم,اقلیم‌گرایی,بله
قمر,قمرآسا,بله
نوشیدنی,نوش,بله
لنج,لنج‌پیمایی,بله
جوی,جویشگرایی,بله
هلال,هلالی,بله
قزوین,قزوینی,بله
گران,گرانیت,خیر.
سفال,سفالینه,بله
دهیار,دهیاران,تکراری
آموت,آموت,بله
نظر,نظری,تکراری
صرف,صرفه‌مندی,بله
آژ,آژیرک‌زنان,بله
فرنام,فرنامی‌ساز,بله
گنج,گنجورک,بله
پلدختر,پلدختری‌ات,بله
بجنورد,بجنورد,بله
تاب,تابان,تکراری
جهرم,جهرم‌زاده,بله
تیوا,تیواگر,خیر.
گروه,گروهی,خیر
سرعت,سرعت,بله
دار,دارچین,خیر.
ساز,سازه,تکراری
جعفر,جعفری‌وار,خیر.
فرنام,فرنام,بله
برن,برنا,خیر.
دختر,دخت,خیر.
آماتیس,آماتیس,بله
رهام,رهاندن,خیر
ساحل,ساحل‌گردی,بله
صحراء,صحراگرد,تکراری
ستودن,ستایشگاه,بله
بند,بندکشی,بله
تولید,تولیدی‌سازی,بله
پا,پاورچین,خیر
خیاط,خیاط‌خانه,بله
رستاک,رستاک‌نما,بله
دیزل,دیزل‌سوز,بله
صف,صفاینده,بله
درک,درک‌مندی,بله
رایکا,رایکا,بله
صنف,صنف‌پژوهی,بله
آویختن,آویختگی,بله
خلخال,خلخال‌نما,بله
ترک,ترکمن,بله.
زرند,زرندشهر,بله
حی,حیاتی,تکراری
فیض,فیض‌افزا,بله
بلوچ,بلوچ,تکراری
خط,خطیب,بله
مؤسس,موسسه,تکراری
آوا,آواپخش,بله
دانش,دانشیاری,بله
انرژی,انرژی‌پذیر,خیر
آیدا,آیداگری,خیر.
کوه,کوه‌پیمایی,بله
یسنا,یسناییدگی‌ام,بله.
شیک,شیک‌پسند,بله
ماد,مادری,بله
ارسلان,ارسلان‌نژاد,بله
ترش,ترشرو,بله
سیمان,سیمان‌فشاری,بله
کوه,کوه‌چال,بله
کاج,کاج‌سایه,بله
حفاری,حفاری‌گر,بله
رشت,رشتیدگی,بله
البنین,بنین‌مدار,خیر
الوند,الوندیانه,بله
زنجان,زنجیرسازی,خیر
هامون,هامون‌ساز,بله
نظافت,نظافت‌ساز,بله
خدم,خدمت,خیر
بهروز,بهروزید,بله
چکاد,چکادشکنی,خیر
نبی,نبی‌ساز,بله
اورامان,اورامانشهر,بله
ثمین,ثمین‌پندار,بله
مزرعه,مزرعه‌جات,بله
باربد,باربد,بله
نرم,نرمک,بله.
لوتوس,لوتوس‌محور,بله
چمن,چمن‌پوش,بله
آسیا,آسیایی‌زاده,بله
بیجار,بیجارچی,بله
غذا,غذاخوری,بله
آستارا,آستارایی‌مآب,خیر.
مبارک,مبارک‌فطرت,بله
صف,صفه,بله
ترانس,ترانسکشن,خیر.
قطعه,قطعه‌شناسی,بله
ماهی,ماهی‌پز,بله
راد,رادیکالیزم,خیر.
دکتری,دکتری,بله
بهره,بهره‌برداری,بله
رابین,رابین‌وار,خیر.
آرنیکا,آرنیکا,بله
اورامان,اورامان‌زبان,بله
داور,داورز,بله
ترنم,ترنمی,بله
طرق,مستطرق,بله
نوشهر,نوشهرستان,بله
خاک,خاک,بله
نمایشگاه,نمایشگاه‌محور,خیر
نگین,نگینی,بله
ولید,مولا,تکراری
شفا,شفا,تکراری
زین,زینت‌ورز,بله
فاراب,فارابانه,خیر
صوم,صائم,بله
ظفر,ظفرساز,بله
تراش,تراشندگی,بله
پارسوماش,پارسومشی,خیر.
گرد,گردسوز,بله
ریحان,ریحان‌فروش,بله
فجر,افجار,بله
سلیمان,سلیمان‌وار,خیر.
پنبه,پنبه‌کاری,بله
دهلران,دهلانی,بله
قند,قندم,بله
سبح,سبحان,بله
ایلیا,ایلیاییانگی,بله.
مؤسس,مؤسساتی,بله
کربلا,کربلایی,تکراری
راو,راویان,بله.
نار,نارین,بله
خواجه,خواجه‌نشین,بله
اردل,اردل‌پژوهی,بله
دریا,دریایی,خیر
کمپانی,کمپانی‌نشین,بله
کبیر,کبیرزاده,بله
زهر,زهره,تکراری
اشتهارد,اشتهاردی‌وار,بله
اسوه,اسوه‌ای,خیر
سالار,سالار,بله
ذهب,مذهب,خیر.
رشد,رشد,بله
یار,همیاران,بله
ساختن,ساخته,بله
عبد,عبداله,بله
عصر,عصرزدگی,بله
بوکان,بوکان,بله
علت,علتی,خیر
حد,حدس,بله.
شاهین,شاهین‌پر,بله
حجت,حجت‌الاسلامی,بله
تاراز,تاراز,بله
تاج,تاجوران,بله
طاق,طاقچه,بله
یاس,یاسکوهی,خیر.
زهرا,زهره‌پرور,بله
آهنگ,آهنگ‌پژوه,بله
تفرش,تفرش,بله
درود,درودگر,بله
تقی,تقی‌خان,خیر.
پلاستیک,پلاستیک‌کار,بله
فروز,فروزنده,تکراری
فاطمه,فاطمی,بله
فرزانه,فرزانه,تکراری
تبر,تبرکوهی,بله
مهربان,مهربانم,بله
شباهنگ,شباهنگی,بله
عظمت,عظمى,بله
ویژن,ویژن‌سازی,بله
شهر,مشاهیر,خیر
کفش,کفش‌کشی,بله
سانیار,سانیارساز,خیر
در,درخت,تکراری
سوار,سواربند,بله
شار,شارستان,بله
سپند,سپندک,بله
نظم,نظم‌مند,بله
چمران,چمران‌سازی,خیر
سرام,سرامیک‌پوش,بله
لاهیجان,لاهیجان‌گردی,بله
رقی,رقیب,بله
بره,بره‌خواب,بله
محمد,محمّدیه,بله
مراغه,مراغه‌ساز,خیر.
پختن,پخت‌پز,بله
سرام,سرامیک‌فروشی,بله
طیف,طیف‌مندی,بله
حمد,حمدلله,بله
احداث,احداث‌محور,بله
میناب,میناب,تکراری
مسجد,مسجودوار,بله
صدا,صدا,تکراری
غلام,غلامی‌نشین,بله
سانیار,سانیارنامه,خیر
نجم,نجم‌ساز,بله
سیه,سیاه,بله.
عرص,عرصة,بله
درفک,درفکانه,خیر.
آوان,آوانس‌دهی,خیر
داش,داشمند,خیر
زر,زرین,تکراری
گلدیس,گلدانی,خیر.
آریا,آریاستان,بله.
امام,الائمه,بله.
آکام,آکامور,بله.
رستاک,رستنگر,خیر.
صدق,مصداق,بله
اراک,اراک‌پژوه,بله
هشت,هشت,بله
راو,راویانه,بله
بابل,بابل‌پژوهی,بله
بیش,بیش‌ازحد,خیر
آویختن,آویختننده,بله
زرد,زردک,بله
هور,هورپناه,بله
مهیا,مهیا,تکراری
حفظ,حفاظ,تکراری
ثمن,ثمن‌سنج,بله
بازرگان,بازرگانی,بله
بنا,بنایانید,بله
صبح,صبح‌گاهی,بله
اطمینان,اطمینان,تکراری
سراب,سراب‌وار,بله
خوز,خوزش,خیر
نگر,نگهداری,بله
خیز,خیزید,خیر
حفاری,حفاری‌پذیر,بله
" اکسیر",اکسیرشناسی,بله
میان,میان‌سالی,بله
اندیشیدن,اندیشیانه,بله
کفش,کفش‌دار,بله
برگ,برگ‌ریزان,بله
نفس,نفیس,بله
خیابان,خیابان,بله
نو,نوین,بله
گراف,گرافیک‌سازی,بله
ارجان,ارجح,خیر
باف,بافی,بله
لاله,لاله‌گون,بله
پشت,پشتکار,خیر
هیرکان,هیرکانشناس,بله
آمایش,آمایش‌پذیری,بله
بلوط,بلوط‌زار,بله
ایو,ایویدگی‌تان,خیر.
سکون,سکونت‌گاه,بله
یاشار,یاشارزاده,بله
ماشین,ماشینهای,خیر
داد,دادنامه,تکراری
تایر,تایرپوش,بله
اقلیدس,اقلیدس‌گونه,خیر
قشلاق,قشلاق‌زده,بله
نبوت,نبی‌زاده,تکراری
صنع,مصنوع,بله
راهبرد,راهبردسازی,بله
داوود,داوودگر,بله.
زاد,زادگاه,تکراری
بر,برقراری,بله
گهر,گهربارگی,بله
فریمان,فریمانگر,بله
طاق,طاق‌زنی,بله
حق,حقوقی,بله
گله,گله‌مندی,خیر.
سرمایه,سرمایه‌گذاری‌مدار,بله
فانوس,فانوس‌نگار,بله
پیشتاز,پیشتازگر,بله
حمید,حامد,تکراری
هنگ,هنگور,بله.
عروج,عروج‌پذیر,بله
آذر,آذربود,بله
هوش,هوش‌افزا,بله
ارزش,ارزش‌شناسی,بله
بابل,بابلسر,بله.
آیدا,آیدایی,خیر.
شورا,شورایی,بله
دال,دالاهو,بله.
فلاحت,فلاحت‌پژوه,بله
نمایشگاه,نمایشگر,خیر
رستوران,رستوران‌دار,بله
دیلم,دیلم‌نژاد,بله
آدنیس,آدنیس‌پرست,بله.
قطعه,قطعه‌سنج,بله
آمل,آملی‌مآب,بله
سلم,سلیقه,خیر.
سیمرغ,سیمرغیانه,بله
سلیم,سلامتی,تکراری
حمایت,حمایت‌طلب,تکراری
استهبان,استهبان‌وار,بله
سپهر,سپهرگرا,بله
نورا,نورافکن,تکراری
دلفان,دلفان‌وار,بله
فر,فرش,خیر
اعتیاد,اعتیادپذیر,بله
پرسش,پرسش‌ساز,بله.
راه,راهبرد,خیر
شاهین,شاهین‌وار,بله
مخابره,مخابره‌نما,بله
" پلاست",پلاستیک‌پوشی,بله
توسعه,توسعه,بله
پرواز,پروازپذیر,بله
برق,برقی,خیر
حمد,حمدپرور,بله
ریل,ریل,تکراری
سوم,سومیانه,تکراری
صدف,صدف‌چین,بله
آتا,آتافرو,خیر
قشلاق,قشلاقی‌سازی,بله
هخامنش,هخامنش,بله
سرفراز,سرفرازانه‌گی,بله
ایثار,ایثارگرانه,تکراری
ستاره,ستاره‌دار,بله
خور,خور,بله
لیمیتد,محدودیت‌ها,خیر
اردکان,اردکانه‌ای,بله
خمین,خمینی‌مآب,بله
نگار,نگاره,بله
میدان,میدان‌سازی,بله
بن,بنادر,خیر.
به,بهیچگاه,خیر.
آساک,آسایشگر,خیر
سازنده,سازندگیشان,تکراری
مدن,مدن‌مدار,بله
دیر,دیرگاه,بله.
هوا,تهویه,بله
پارس,پارسی,بله
هدیه,هدیه‌پذیر,بله
زار,زارنگار,بله
نگه‌داشتن,نگه‌داشت,بله
اسس,اساس‌گرایی,خیر.
شفا,شفا,تکراری
ریسندگی,ریسندگی‌کردن,بله
بردسک,بردسک‌نشین,بله
فرآور,فرآور,بله
پترا,پترو,تکراری
سرد,سردی,بله.
سیال,سیال‌سازی,بله
آرتا,آرتا,تکراری
نهبند,نهبندیدگی,خیر
پوشیدن,پوشش‌دار,تکراری
سهم,سهم‌خواه,بله
افشین,افشینان,بله
علت,معلولین,خیر
سیمرغ,سیمرغ‌نما,بله
هتف,هتف‌نگار,بله
شاد,شاداب,تکراری
پیشرو,پیشروان,بله
بردسک,بردسکانی,بله
بان,بانور,بله.
رستوران,رستوران‌پذیر,بله
زل,زلال,خیر.
پاد,پادکست,خیر
فریدون,فریدون‌سرا,خیر
رویان,رویش,بله
ارژن,ارژینیسم,خیر.
قریه,قریه‌نشینی,بله
رزن,رزن‌نامه,خیر
شیک,شیک‌زبان,خیر.
کلان,کلانی,بله
پلاست,پلاستیک‌ساز,تکراری
سهم,سهامی,بله
رایکا,رایکانه‌وار,خیر
مجری,مجری‌پرور,بله
کله,کله‌زرد,خیر
فراورده,فراورده‌ساز,بله
لرد,لردیگری,بله.
نام,نامساز,بله
غنچ,غنچک‌زده,بله
کیش,کیش‌ور,خیر.
اهر,اهرم‌دار,خیر
شاهکار,شاهکارسازی,بله
سبزه,سبزین,تکراری
افران,افراور,تکراری
ایتوک,ایتوک‌پندار,خیر.
سلول,سلولی,بله
آقموقوفه,آقایی,تکراری
عون,تعاون,تکراری
لال,لالچ,خیر.
قه,قهستان,بله
نمک,نمکین,بله
زعفر,زعفران‌زار,بله
آریا,آریاچهر,بله.
قلعه,قلعه‌نشین,بله
وقف,موقوفه,تکراری
رعد,رعدساز,بله
کشور,کشور,بله
بهرام,بهرام‌فر,بله
کلبه,کلبه‌نشینی,بله
فضل,فضل‌کردن,بله
کارگزار,کارگزارگر,بله
درس,مدرسه,خیر
طاها,طاهریه,خیر
آوند,آوندیسم,بله
حبوب,حبوبی,بله
ترنج,ترنجستان,بله
گردش,گردشگری,بله
اهورا,اهوراگشت,بله.
ملل,المللی,بله
امیر,امیرنشین,تکراری
سبز,سبزینه,بله
مهاباد,مهابادگی,خیر
ترابری,ترابری‌گرا,بله
سارا,سارا,بله
بردسیر,بردسیرزاده,بله
تأمین,تأمین‌کننده‌گی,بله
هشترود,هشترودخانه,بله
درویش,درویش‌منش,بله
پدید,پدیدارنده,بله
بیله,بیل‌دار,خیر.
پاشا,پاشاوار,خیر
ترنم,ترنمی‌خوان,بله
مهرداد,مهردادوار,بله
سراب,سراب‌پندار,بله
جعفر,جعفری,خیر.
قصر,قصرنشین,بله
ارزش,ارزشمندانه,بله
آور,آورید,بله
دید,دیدگاه‌سازی,بله
اردبیل,اردبیل‌گر,بله
نفع,نفع‌زا,بله
مکانیک,مکانیزاسیون,بله
شیمی,شیمی‌صنعتی,بله
ایساتیس,ایساتیس‌دار,بله
زمان,زمان‌شناسی,بله.
گور,گورستان,بله
آتا,آتای,بله
شاد,شادنگر,بله
غلام,غلامی‌ساز,بله
طاوس,طاوس‌گونه,بله
آقموقوفه,مقوفه,خیر
فطر,فطرکاری,بله
تدبیر,تدبیر,تکراری
بانک,بانکی,تکراری
استیل,استیل‌برش,خیر
دنیا,دنیامشغول,بله
تاو,تاو,تکراری
شمیران,شمیران‌محور,بله
احداث,احداث‌گر,بله
خاصیت,خاصه,بله.
فرزین,فرزین‌دوست,بله
امام,امامت,بله.
ابیورد,ابیوردی‌ها,بله
حج,احج,خیر.
فرهنگ,فرهنگیان,خیر.
آساک,آسایش,خیر.
علوی,علوی‌تبار,بله
نواندیشان,نواندیشانه,تکراری
صید,صیادی,بله
بهنام,بهنام‌گر,بله
خلف,خلفیّت,بله
شهریار,شهریارانه‌گی,بله
بارثاوا,بارثاوا,تکراری
سیر,سیراب,خیر
عصم,عاصمیت,تکراری
صید,صیدپیشه,بله
نماینده,نماینده‌وار,بله
ولادت,میلاد,بله
هخامنش,هخامنشی‌زاده,بله
فردا,فرداوند,خیر
حدید,حدیدوار,بله
راشین,راشینیان,خیر.
شمیران,شمیران‌سرا,بله
عزت,عزت‌پایه,بله
صرف,مصرف,بله
جنوب,جنوبی,تکراری
صحرا,صحرا,بله
صدق,صدق‌محور,بله
رخش,رخشوران,بله
کمان,کمان‌ساز,بله
ثمر,ثمرور,بله
آوردن,فرآورده,تکراری
فیض,فیض‌پذیر,بله
سبز,سبزک,بله
هیراد,هیرادی,خیر
احمد,حامد,تکراری
سفال,سفال‌ساز,بله
طلا,طلاور,بله
موزاییک,موزاییک‌کاری‌شده,بله
شبکه,شبکه‌پهن,بله
عرص,عریض,بله
رزم,رزمی,بله
داغ,داغی‌پرست,بله
" پلاست",پلاستیک‌پوشاننده,بله
هوش,هوش‌کده,بله
کاشانه,کاشانه‌سازی,تکراری
تخصص,تخصصی‌سازی,بله
گچ,گچساران,بله
سورن,سورانی,خیر.
غدیر,غدیرنگاری,بله
البرز,البرزستان,بله
فرهیختگی,فرهیختگان,تکراری
کوشش,کوشید,خیر
گشتن,گشت‌زنی,بله
گوهر,گوهرین,بله
خامنه,خامنه‌پرست,بله
اهورا,اهورامزدا,بله.
رحمت,رحمت‌ساز,بله
آیدین,آیدین‌پرست,بله.
خالی کردن,خالی‌سازی,بله
شهد,شهیدان,تکراری
شاهین,شاهین‌کوه,خیر
پختن,نپخته,بله
خواف,خواف,تکراری
فرآور,فرآوری,تکراری
بوشهر,بوشهروند,بله.
داریوش,داریوش‌وار,بله
سام,سامی‌زاده,بله
تار,تارچین,خیر
یگانگی,یگانگی‌مدار,بله
کودک,کودک,تکراری
تربیت,تربیت‌پذیر,بله
نمونه,نمونه‌برداری,بله
آینده,آینده‌سنج,بله
نهاوند,نهاوندی‌زاده,بله
دشت,دشت,بله
فانوس,فانوس‌دار,بله
صدور,صدور,تکراری
ولی,مولوی,خیر.
اعتماد,اعتماد,بله
اوری,اوریانه,خیر.
هریس,هریسک,خیر.
ساسان,ساسانی‌نژاد,بله.
آسفالت,آسفالت‌زن,بله
تازگی,تاز,خیر
نواندیشان,نواندیشی‌گر,تکراری
بهراد,بهرادگی,خیر
وفا,وفا,تکراری
پیشتاز,پیشتازی,بله
تأمین,تأمین‌طلب,بله
لرد,لردیابی,خیر.
نما,نمایندگی,تکراری
دای,دایورسیته,خیر.
رابین,رابینی,خیر.
احمد,محمد,بله.
پاینده,پاینده,تکراری
ساتراپ,ساتراپ‌گونه,بله
ماسال,ماسالیدگی,بله
سحر,سحر,بله
خواجه,خواجه‌سرا,بله
ورزش,ورزشی,خیر.
استقلال,استقلال‌طلبی,بله
رای,رایگان,خیر
نیل,نیل,تکراری
کرمانشاه,کرمانشاه,تکراری
گتوند,گتوندی‌مآب,بله
ملایر,ملایری‌زبان,بله.
تراش,تراشیدن,تکراری
تکیه,تکیه‌گاهي,تکراری
صید,صیدگری,بله
حجت,حجت,تکراری
ارک,ارکیداسیون,بله.
بناب,بنابانه,بله.
فردیس,فردیس‌نویس,بله
گسترش,گسترده,تکراری
منگشت,منگشتیدگی,خیر
حساب,محاسب,بله
اراک,اراک‌نشین,بله
مدیر,مدیرپروری,بله
دال,دلیری,خیر
طلب,طالب,تکراری
سرمد,سرمدیت,بله
آیسان,آیسان,بله
پارمیس,پارمیسک,بله
پلاک,پلاک,تکراری
شعله,شعله‌خیز,بله
رسو,رسوایی‌زدایی,بله
مسکن,مسکونی,بله
ره,رهایی,بله
اقبال,اقبال,تکراری
شفا,شفا,تکراری
سپید,سپید,بله
رواق,رواقی‌گری,بله
مبنا,مبنایی‌پژوهی,بله
شاهین,شاهین‌دل,بله
ثبت,ثبت‌نامی‌تان,بله
کاووس,کاووس‌گر,خیر
عمران,عمران,تکراری
آیدا,آیداوارگی,خیر.
ماده,مادام,خیر.
ممیز,ممیزان,بله
پروار,پروار,تکراری
سرما,سرماشناسی,بله
ابن,ابنیه‌سازی,خیر
